<?xml version="1.0" encoding="UTF-8" ?>
<!DOCTYPE mapper
PUBLIC "-//mybatis.org//DTD Mapper 3.0//EN"
"http://mybatis.org/dtd/mybatis-3-mapper.dtd">

<mapper namespace="mapper.MemberMapper">

<!-- 회원가입 -->
	<insert id="join" parameterType="MemberDTO">
		insert into Member_info values(#{id}, #{pw}, #{name}, #{tel})
	</insert>
	
<!-- 로그인  -->
	<select id="login" parameterType="MemberDTO" resultType="MemberDTO">
		select * from Member_info where id=#{id} and pw=#{pw}
	</select>

<!-- 회원정보 수정 -->
	<update id="update" parameterType="MemberDTO">
		update Member_info set pw=#{pw}, name=#{name}, tel=#{tel} where id=#{id}
	</update>

<!-- 회원관리 -->
	<select id="showMember" resultType="MemberDTO">
		select * from Member_info
	</select>

<!-- 관리자의 회원계정 삭제 -->	
	<delete id="deleteMember" parameterType="String">
		delete from Member_info where id=#{id}
	</delete>

<!-- 사용자의 회원계정 삭제 -->	
	<delete id="SelfDeleteMember" parameterType="String">
		delete from Member_info where id=#{id}
	</delete>

</mapper>